"ТРЦ ""King Cross Leopolis""","49.774236836561265, 24.011694996112773","112,172",,,
"ТРЦ ""King Cross Leopolis"" (парковка)","49.774100664072016, 24.012396162319632","50,120",,,
"ТРЦ ""King Cross Leopolis"" (Стрийська)","49.774776126773006, 24.01442929167856","30,330",,,362
вул. Сокільницька,"49.78420322268945, 24.01443911910798","30,330",,,
Автовокзал,"49.78749425311768, 24.01700940393107","90,180",,,
вул. Михайла Максимовича,"49.79255317970859, 24.016138019587967","30,330",,,
вул. Ярослава Гашека,"49.79468613707576, 24.016654437815415","30,330",,,
вул. Скорини,"49.79804962806848, 24.017355644820633","30,330",,,
вул. Стрийська - вул. Наукова,"49.802644307478985, 24.018376816964086","30,330",,,
Автобусний завод,"49.808559433403154, 24.019384553784406","30,330",,,
Податкова,"49.81528480712255, 24.020091264779886","30,330",,,
Дитяча залізниця,"49.820392549893555, 24.02045905913048","30,330",,,
Академія сухопутних військ,"49.82534925405407, 24.022924189833066","80,140",,,
Стрийський ринок,"49.82954260637525, 24.032278156109385","0,90",,,
пл. Петрушевича,"49.8338988614269, 24.035496881705438","30,330",,,
вул. Володимира Шухевича,"49.837442483389324, 24.035054650810974","30,330",,,
вул. Підвальна,"49.84250084378937, 24.03519874598037","300,40",,,
вул. Театральна,"49.84487461423978, 24.027655693647567","210,300",,,
пл. Різні,"49.845561939948595, 24.02608744908175","270,330",,,
Театр опери та балету (зворотній),"49.844091724204844, 24.02564262788145","130,190",,,
пр. Свободи (зворотній),"49.84018109361715, 24.02812029023851","115,170",,,
вул. Князя Романа (зворотній),"49.83766245782201, 24.032959541568744","120,170",,,
вул. Шота Руставелі (зворотній),"49.83360048698322, 24.035188188009904","150,220",,,
Стрийський ринок (зворотній),"49.82989542840822, 24.03246559848786","180,220",,,
Академія сухопутних військ (зворотній),"49.82423889731485, 24.02061747244792","120,240",,,
Дитяча залізниця (зворотній),"49.82056688946227, 24.02019956725727","165,225",,,
Податкова (зворотній),"49.81500916906329, 24.0196612290905","165,225",,,
Автобусний завод (зворотній),"49.80789529067955, 24.01900748898899","165,225",,,
вул. Стрийська - вул. Наукова (зворотній),"49.80143897183252, 24.017578299050896","150,220",,,
вул. Скорини (зворотній),"49.79785714401484, 24.01680537467302","150,220",,,
вул. Ярослава Гашека (зворотній),"49.79426009521457, 24.016016147536888","150,220",,,
вул. Михайла Максимовича (зворотній),"49.79149892222282, 24.015453402453574","150,220",,,
Автовокзал (зворотній),"49.78764221474219, 24.014611323191993","150,220",,,
вул. Сокільницька (зворотній),"49.783356657688245, 24.013856298027722","130,210",,,
смт Рудне (Духовна cемінарія),"49.842676929327446, 23.860603683482157","70, 270",,,
смт Рудне (вул. Шевченка),"49.84036474518914, 23.865550570322146","120, 240",,,
смт Рудне (вул. Лисенка),"49.83852552260933, 23.86375046998757","60, 240",,,
смт Рудне (Стадіон),"49.83813791548628, 23.86835238156566","60, 120",,,
смт Рудне (Народний дім),"49.83706404896418, 23.87322937473482","90, 150",,,
смт Рудне (вул. Володимира Великого),"49.835834770388175, 23.875919740054137","90, 150",,,
смт Рудне (вул. Центральна),"49.836475447274644, 23.878323824676436","320, 30",,,
смт Рудне (вул. Лугова),"49.83745361055909, 23.88492756065542","0, 360",,,
смт Рудне (вул. Лесі Українки),"49.83990842365828, 23.887362503909603","10, 90",,,
Рудне (вул. Мазепи),"49.83965854750147, 23.890837796027675","70, 150",,,
Рудне (вул. Коновальця),"49.83838168303754, 23.895538655521452","30, 110",,,
Рудне (Кiльцева дорога),"49.83899582333963, 23.899037442139992","110, 205",,,
Три Слони,"49.830317550497234, 23.905796865360625","120, 190",,,
"Гіпермаркет ""Епіцентр""","49.82456827825243, 23.910240742021198","120, 190",,,
Городоцька-Кільцева,"49.821155192605104, 23.917166258115248","40, 110",,,
"ТЦ ""МЕТРО"", Автостанція ""Західна""","49.82181494093209, 23.920055810469872","40, 110",,,
Азов-Галичина,"49.822569161785516, 23.92526114784692","30, 100",,,
вул. Станційна,"49.823572866325804, 23.930101790296987","30, 100",,,
вул. Каховська,"49.82706449148185, 23.949181082859706","30, 110",,,
вул. Вільхова,"49.828780851693736, 23.95837666534794","30, 110",,,
вул. Вівсяна,"49.82986532453992, 23.96461972776491","30, 110",,,
Мотозавод,"49.830799407511044, 23.969059310470396","30, 110",,,
Богданівка,"49.832704745505765, 23.97920845836527","30, 110",,,
вул. Народна,"49.83350510608401, 23.98458950177826","30, 110",,,
вул. Кульпарківська,"49.83452572650409, 23.99005932806997","30, 110",,,
"ТРЦ ""Скриня""","49.835407254088345, 23.99490841223742","30, 110",,,
Привокзальний ринок,"49.83615588226897, 23.999376820959267","30, 110",,,
пл. Кропивницького,"49.837325497312335, 24.00464023508977","15, 100",,,
 Цирк,"49.84075297539464, 24.01251617601472","15, 100",,,
Церква святої Анни,"49.84207218501345, 24.0165703088849","15, 100",,,
вул. Северина Наливайка,"49.843316793495305, 24.022893042212367","15, 110",,,
пр. В'ячеслава Чорновола,"49.84674949001271, 24.025765517792046","320, 30",,,
Палац культури ім. Гната Хоткевича,"49.85127702575775, 24.024413557261155","300, 10",,,
вул. Хімічна,"49.85451890442543, 24.022964914751455","300, 10",,,
вул. Окуневського,"49.8562892837319, 24.01947702006192","210, 270",,,
вул. Бальзака,"49.85515390823486, 24.01445049297906","0, 360",,,
вул. Струмок,"49.85788672174342, 24.011624928297504","0, 360",,,
вул. Петра Панча,"49.86220722225027, 24.007707514762007","0, 360",,,
вул. Варшавська(зворотня),"49.8667207158774, 24.016088319504835","120, 190",,,
Парк 700-річчя Львова(зворотня),"49.86185125091828, 24.01861361508448","120, 190",,,
Шевченківська райадміністрація(зворотня),"49.85817265958928, 24.020686247260237","120, 190",,,
Шевченківська райадміністрація(зворотня) 1,"49.85635355165567, 24.021680241417304","120, 190",,,
вул. Хімічна(зворотня),"49.85436194624659, 24.022701535745405","120, 190",,,
вул. Пантелеймона Куліша(зворотня),"49.84938383151753, 24.025146316754444","120, 190",,,
пр. В'ячеслава Чорновола(зворотня),"49.84547274614262, 24.02509003493491","120, 190",,,
"ТЦ ""Магнус""(зворотня)","49.8441270784144, 24.024274643397824","190, 260",,,
Церква святої Анни(зворотня),"49.84287574799725, 24.018078265308333","230, 330",,,
Захисникiв України(зворотня),"49.8423014779281, 24.015449700684744","150, 210",,,
Цирк(зворотня),"49.840386036552715, 24.012022599617612","200, 270",,,
пл. Кропивницького(зворотня),"49.837782716110375, 24.005593413755008","200, 270",,,
Привокзальний ринок(зворотня),"49.83647606684253, 23.999327714316042","200, 270",,,
"ТРЦ ""Скриня""(зворотня)","49.8357140764092, 23.994717056518567","220, 300",,,
вул. Кульпарківська(зворотня),"49.834609474712934, 23.989892005534564","210, 280",,,
вул. Народна(зворотня),"49.833910543718076, 23.985235690789782","210, 280",,,
Богданівка(зворотня),"49.832616456769756, 23.97855162586178","210, 280",,,
Мотозавод(зворотня),"49.83078945152841, 23.967350721130146","210, 280",,,
вул. Вівсяна(зворотня),"49.82991744743919, 23.96296262716887","210, 280",,,
вул. Вільхова(зворотня),"49.828823959755866, 23.95720124199645","210, 280",,,
вул. Каховська(зворотня),"49.82707294382538, 23.946483134876306","210, 280",,,
вул. Станційна(зворотня),"49.82392372403988, 23.930894136198898","210, 280",,,
Азов-Галичина(зворотня),"49.822747039856324, 23.924242257667125","210, 280",,,
"ТЦ ""МЕТРО"", Автостанція ""Західна""(зворотня)","49.82189728977759, 23.918413108699767","210, 280",,,
"Гіпермаркет ""Епіцентр""(зворотня)","49.82454779142072, 23.910411804809662","300, 10",,,
Рудне (Кiльцева дорога)(зворотня),"49.83927341209852, 23.89846027838816","210, 280",,,
Рудне (вул. Коновальця)(зворотня),"49.83832915139587, 23.8955166672044","230, 300",,,
Рудне (вул. Мазепи)(зворотня),"49.839591635610766, 23.890851862739257","270, 340",,,
смт Рудне (вул. Лесі Українки)(зворотня),"49.83987845612757, 23.887400349839393","210, 285",,,
смт Рудне (вул. Нагірних)(зворотня),"49.83971053773143, 23.87711981519421","0, 360",,,
смт Рудне (вул. Шевченка)(зворотня),"49.84046132757598, 23.86548012650822","260, 330",,,
смт Рудне (Духовна cемінарія)(зворотня),"49.84292450751182, 23.860845269313263","180, 359",,,
Санта-Барбара,"49.785174740737226, 24.059429625662954","330, 30",,,
Коломийська,"49.78756677084788, 24.059399211279892","330, 31",,,
Коломиська Хвильового,"49.78793368225214, 24.066926749751357","15, 75",,,
Кос-Анатольського,"49.79130576934005, 24.06758889983631","296, 353",,,
Антоненка-Давидовича,"49.792736818680844, 24.06556844165451","290, 350",,,
Івана Кавалерідзе,"49.794659643857806, 24.06509129594317","45, 105",,,
Сихівська,"49.796963433055026, 24.0721709719874","336, 6",,,
Зубрівська,"49.80239485038168, 24.06543261815796","297, 357",,,
ДБК,"49.80610457652408, 24.062314045628543","335, 35",,,
Фрезерний завод,"49.81147371259127, 24.061631559523025","323, 23",,,
Бузкова,"49.81371594099663, 24.06042823002716","310, 10",,,
Джорджа Вашингтона,"49.815900724566085, 24.063199541614164","55, 115",,,
Перинатальний центр,"49.815900724566085, 24.063199541614164","80, 140",,,
"ТЦ ""Метро-2""","49.81442065549005, 24.07532860581164","82, 142",,,
Лисинецька,"49.817139010208116, 24.077362545502922","315, 15",,,
Ярошинської,"49.822349215328344, 24.075399143643168","315, 16",,,
Майорівка,"49.82611589899282, 24.073437229867658","274, 334",,,
Ліцей Героїв Крут,"49.82802766973384, 24.07121224950237","300, 360",,,
Таджицька,"49.83075255648833, 24.068666803413155","280, 340",,,
Пасічна,"49.83617735137125, 24.067587088631335","245, 305",,,
Богдана Котика,"49.83724954383642, 24.061145275727107","257, 317",,,
Шевченківський Гай,"49.838527875234355, 24.055510935113322","256, 316",,,
Медичний університет,"49.84012483909698, 24.049029084111737","260, 320",,,
Військовий госпіталь,"49.84032853315244, 24.0432102429215","220, 280",,,
пл. Митна,"49.839833261792506, 24.037923029761895","238, 298",,,
Шевченківська райадміністрація,"49.85778860401806, 24.021329163459942","310, 10",,,
Парк 700-річчя Львова,"49.86259769755698, 24.018781746200972","310, 10",,,
вул. Варшавська,"49.86592447085236, 24.017130416922317","310, 10",,,
На Нивах,"49.86552264143459, 24.010705795783903","223, 283",,,
вул. Тунельна,"49.862709018488395, 24.003875805846192","200, 260",,,
Петрицького,"49.86183015341541, 23.999839778325075","265, 325",,,
вул. Винниця,"49.861949730139656, 23.99237436400126","225, 285",,,
Янівський меморіал,"49.85881985167946, 23.98621307933526","195, 255",,,
вул. Татарбунарська,"49.85420085119391, 23.98629055373082","120, 180",,,
вул. Татарбунарська 1,"49.85404194130483, 23.985079391475047","272, 332",,,
вул. Брюховицька,"49.86025221218542, 23.9701974010957","272, 332",,,
вул. Шевченка,"49.86184441847516, 23.966374617507487","272, 332",,,
вул. Біберовича,"49.8630028816659, 23.963677543508574","272, 332",,,
вул. Порічкова,"49.86447956033603, 23.960016609158174","277, 337",,,
вул. Лупшинського,"49.86644177715676, 23.956919555598983","284, 344",,,
м/н Рясне-1,"49.86819451928324, 23.95264349916726","261, 321",,,
вул. Стельмаха,"49.870502344881366, 23.946342507152835","270, 330",,,
вул. Панаса Сотника,"49.87274758652924, 23.933174022966128","245, 305",,,
вул. Величковського,"49.87518824397906, 23.932441049789333","65, 125",,,
м/н Рясне-2,"49.87550136050788, 23.93790825060614","155, 215",,,
вул. Величковського (зворотній),"49.87534469645228, 23.932431444515004","245, 305",,,
вул. Панаса Сотника (зворотній),"49.87250803363708, 23.933894208312307","65, 125",,,
вул. Стельмаха (зворотній),"49.87055605126465, 23.94555544998071","93, 153",,,
м/н Рясне-1 (зворотній),"49.86849405248251, 23.950831982621747","83, 143",,,
вул. Лупшинського (зворотній),"49.866323610086155, 23.956540072787455","104, 164",,,
вул. Порічкова (зворотній),"49.86432085523683, 23.960298457789875","93, 153",,,
вул. Біберовича (зворотній),"49.86299456257021, 23.963341058000072","92, 152",,,
вул. Шевченка (зворотній),"49.861768335084484, 23.96645644773127","93, 153",,,
вул. Брюховицька (зворотній),"49.85991329403631, 23.9706442691217","92, 152",,,
вул. Татарбунарська (зворотній),"49.85382374941243, 23.985594192876537","90, 150",,,
вул. Татарбунарська 2 (зворотній),"49.85421796215271, 23.986870435070237","300, 360",,,
Янівський меморіал (зворотній),"49.858820154057085, 23.98657094246998","15, 75",,,
вул. Винниця (зворотній),"49.862060198368425, 23.99393722604389","48, 108",,,
Петрицького (зворотній),"49.86148148675525, 24.000376668687128","85, 145",,,
вул. Тунельна (зворотній),"49.86307131837262, 24.004867114113424","20, 80",,,
на вимогу (зворотній),"49.86458216061743, 24.007754430116258","30, 90",,,
На Нивах (зворотній),"49.86547362920283, 24.011199798887073","43, 103",,,
пл. Галицька (зворотній),"49.83930382650039, 24.032714070237716","63, 123",,,
пл. Митна (зворотній),"49.83975064946617, 24.037316923135513","59, 119",,,
Війсковий госпіталь (зворотній),"49.84011190757697, 24.04274895293832","40, 100",,,
Медичний університет (зворотній),"49.84001446323072, 24.049257070009475","78, 138",,,
вул. Мечникова (зворотній),"49.83875717576814, 24.054014702584073","83, 143",,,
вул. Богдана Котика (зворотній),"49.83745294799766, 24.059874574594897","77, 137",,,
вул. Пасічна (зворотній),"49.834350393182106, 24.067779832419653","158, 218",,,
вул. Таджицька (зворотній),"49.83016823651534, 24.069140378282572","122, 182",,,
Майорівка (зворотній),"49.82602467845659, 24.073258279367757","94, 154",,,
вул. Ярошинської (зворотній),"49.821889775012316, 24.0752286247929","136, 196",,,
вул. Лисинецька (зворотній),"49.81807597868655, 24.07673956930476","136, 196",,,
Коледж (зворотній),"49.81517500960966, 24.07772352581313","136, 196",,,
"ТЦ ""Метро-2"" (зворотній)","49.81456863753763, 24.075818261616014","262, 322",,,
Перинатальний центр (зворотній),"49.81619117744725, 24.06949767655253","253, 313",,,
вул. Джорджа Вашингтона (зворотній),"49.816113529000724, 24.06293820016319","236, 296",,,
вул. Бузкова (зворотній),"49.81366614022811, 24.060206497679815","130, 190",,,
Фрезерний завод (зворотній),"49.81218938659933, 24.060995137024047","140, 200",,,
Автостанція №5 (зворотній),"49.807685661300255, 24.061427381188945","145, 205",,,
ДБК (зворотній),"49.80498385669829, 24.062731952800984","120, 180",,,
вул. Зубрівська (зворотній),"49.8015614649059, 24.06587722735411","112, 172",,,
вул. Сихівська (зворотній),"49.79714610210603, 24.072101649314867","126, 186",,,
вул. Івана Кавалерідзе (зворотній),"49.79454417246526, 24.063212482903747","223, 283",,,
Центр Довженка (зворотній),"49.794804382305266, 24.057830415258426","282, 342",,,
Сихівська райадміністрація (зворотній),"49.79206700238181, 24.0586717228084","140, 200",,,
Поліклініка №4 (зворотній),"49.78970128576843, 24.058829820845034","148, 208",,,
вул. Коломийська 2 (зворотній),"49.78882276991957, 24.058897577156056","148, 208",,,
Санта Барбара (зворотній),"49.785516613682695, 24.058858138509738","148, 208",,,
Винники (вул. Забава),"49.80933254827833, 24.120314975861103","185, 245",,,
Винники (вул. Джерельна),"49.805855332240874, 24.12077182705319","115, 145",,,
Винники (вул. Козацька),"49.80252801324523, 24.129742054092112","85, 125",,,
Винники (вул. Шептицьких),"49.80251587015116, 24.136212417183085","335, 15",,,
Винники (вул. Стадіон),"49.805664841484756, 24.13722468488737","340, 20",,,
Винники (вул. Івана Франка),"49.808980265165054, 24.138428062929115","350, 20",,,
Винники (вул. Стрілецька),"49.81355981983497, 24.140393581872036","330, 30",,,
Винники (вул. Галицька),"49.8174293106495, 24.144104578555","240, 280",,,
Винники (Тютюнова фабрика),"49.8170281829189, 24.1370007048565","250, 290",,,
Винники (Офтальмологічна поліклініка),"49.81785957657796, 24.130453712327668","165, 195",,,
Винниківське озеро,"49.82077949078458, 24.112578463706363","280, 330",,,
вул. Дріжджова,"49.83424271022215, 24.088093712818615","260, 320",,,
вул. Бахматюка,"49.83509474137905, 24.0837706624378","255, 315",,,
вул. Ялівець,"49.8359333502793, 24.07491266716717","245, 305",,,
Автостанція №6,"49.836151758153015, 24.07118506718873","245, 305",,,
вул. Пасічна,"49.83624863578955, 24.06752653408658","250, 310",,,
вул. Богдана Котика,"49.837397312920906, 24.06114287663219","269, 309",,,
Війсковий госпіталь,"49.84038972851003, 24.043205982866272","235, 275",,,
Автостанція №6 (зворотній),"49.83578029869458, 24.070716894","63, 123",,,
вул. Ромоданівська,"49.835844689377524, 24.072977060937056","63, 123",,,
вул. Ялівець (зворотній),"49.83560249291169, 24.075487608578193","63, 123",,,
вул. Бахматюка (зворотній),"49.834808772488365, 24.084214596663394","75, 135",,,
вул. Дріжджова (зворотній),"49.83391608038546, 24.08880653841848","90, 150",,,
 Винниківське озеро (зворотній),"49.82045036744091, 24.112645347625676","114, 174",,,
Винники (Офтальмологічна поліклініка) (зворотній),"49.81770379739517, 24.130591087282273","330, 30",,,
Винники (вул. Івасюка),"49.816516713628374, 24.135675310487724","170, 230",,,
Винники (вул. Стуса),"49.813793148406425, 24.1349289545246","90, 150",,,
 Винники (вул. Івана Франка) (зворотній),"49.80899923745756, 24.1381461534467","212, 252",,,
Винники (вул. Стадіон) (зворотній),"49.80537947528988, 24.136962835259702","158, 218",,,
Винники (вул. Шептицьких) (зворотній),"49.80237579619071, 24.13566881035329","240, 300",,,
Винники (вул. Козацька) (зворотній),"49.80277624967419, 24.12935080980015","270, 330",,,
Винники (вул. Джерельна) (зворотній),"49.80584397226944, 24.12092294538697","298, 338",,,
Винники (вул. Забава) (зворотній),"49.80933254827833, 24.120314975861103","300, 360",,,
вул. Зернова (180А),"49.84633753622447, 24.02506137027314","0,100",,,
Голоско,"49.869237051345614, 24.01832290828941","0,60",,,
Замарстинів,"49.87120429072675, 24.018613105265423","280,350",,,
Поліклініка УМВС,"49.87393990785985, 24.013517352728186","270,340",,,
Дитячий диспансер,"49.878055107703425, 24.003394522360896","270,340",,,
смт Брюховичі (Цвинтар),"49.89749377990268, 23.964138823977432","270,340",,,
смт Брюховичі (вул. Весняна),"49.899419675441614, 23.961528395383194","200,360",,,
смт Брюховичі (вул. Смолиста),"49.89509807254802, 23.946086420029122","240,350",,,
смт Брюховичі (Сільрада),"49.90272174694766, 23.941304385504843","300,20",,,
смт Брюховичі (Вокзал),"49.90409725103598, 23.940676772843098","300,80",,,
"смт Брюховичі (Пансіонат ""Львів"")","49.90687600000001, 23.94764204245776","20,80",,,
смт Брюховичі (вул. Пляжна),"49.9056336221452, 23.957357077911606","80,140",,,
смт Брюховичі (вул. Курортна),"49.90438799813314, 23.960075918837212","10,170",,,
смт Брюховичі (вул. Вербова),"49.91408591800153, 23.965592078778414","0,60",,,
смт Брюховичі (вул. Січових Стрільців),"49.91729813158405, 23.968372333449235","20,80",,,
смт Брюховичі (вул. Під Осовою),"49.92222787546724, 23.982338474787994","330,70",,,
смт Брюховичі (вул. Під Осовою) (зворотній),"49.92222469407257, 23.98234925009034","120,270",,,
смт Брюховичі (вул. Січових Стрільців) (зворотній),"49.91732605432094, 23.968155478484945","190,250",,,
смт Брюховичі (вул. Вербова) (зворотній),"49.9140140286374, 23.965388477626856","160,220",,,
смт Брюховичі (вул. Курортна) (зворотній),"49.90454738418247, 23.9602109920997","190,350",,,
смт Брюховичі (вул. Пляжна) (зворотній),"49.90579254934722, 23.957367806746962","260,330",,,
"смт Брюховичі (Пансіонат ""Львів"") (зворотній)","49.907013334992584, 23.94762500674696","220,280",,,
смт Брюховичі (Вокзал) (зворотній),"49.90365933287071, 23.9398362445801","110,260",,,
смт Брюховичі (вул. Івасюка) (зворотній),"49.90175435468829, 23.941598323047003","140,200",,,
смт Брюховичі (вул. Смолиста) (зворотній),"49.89473813467581, 23.94662848797804","60,170",,,
смт Брюховичі (вул. Весняна) (зворотній),"49.89923931938776, 23.96147944907625","30,170",,,
смт Брюховичі (Цвинтар) (зворотній),"49.897381, 23.963928635582317","90,150",,,
Дитячий диспансер (зворотній),"49.87754072365885, 24.003864667275195","100,160",,,
Поліклініка УМВС (зворотній),"49.87378993839088, 24.013551629554264","85,145",,,
Замарстинів (зворотній),"49.87129756348497, 24.018041181272274","100,170",,,
Голоско (зворотній),"49.8695876877851, 24.018264344897805","170,230",,,
вул. Пантелеймона Куліша  (зворотній),"49.84894939755083, 24.024310124598742","150,210",,,
вул. Зернова  (зворотній),"49.84634587506685, 24.025062938871685","70,200",,,
с. Білогорща," 49.84596380568114, 23.929496463898833","80, 150",,,
вул. Лаврівського,"49.84500105649434, 23.93249372695624","50, 120",,,
"Народний дім ""Білогорща""","49.844454486249084, 23.93795470450666","60, 130",,,
вул. Гайовської,"49.84486614413707, 23.94566337315562","60, 130",,,
вул. Роксоляни,"49.844049670927916, 23.958294504827666","170, 240",,,
П'ятий парк,"49.84221991774954, 23.959269126213762","60, 130",,,
вул. Гніздовського,"49.84175720622248, 23.96854826894203","40, 110",,,
вул. Низинна,"49.84204577223435, 23.973475040408278","30, 100",,,
вул. Широка,"49.842174423565105, 23.97894858936527","120, 220",,,
вул. Сяйво,"49.83696403865403, 23.976785275827012","140, 210",,,
Шевченківська райадміністрація 2,"49.85740086033078, 24.023039563628654","20, 90",,,
вул. Замарстинівська,"49.860702953620546, 24.027686071216955","0, 70",,,
вул. Бетховена,"49.863524731312005, 24.03343672692287","30, 100",,,
БТІ,"49.86492855588361, 24.041834676690424","40, 110",,,
Автостанція №2,"49.864897184671044, 24.051710396137977","30, 180",,,
Скейт-парк,"49.868465566174216, 24.056377439889342","350, 60",,,
вул. Чигиринська,"49.87063689413781, 24.05564787897788","260, 330",,,
вул. Грінченка(зворотня),"49.87211451204838, 24.052325691671196","260, 330",,,
вул. Плугова(зворотня),"49.87264694028036, 24.04389282678674","225, 295",,,
Лікарня швидкої допомоги(зворотня),"49.87181717949207, 24.038893188928917","225, 295",,,
вул. Пилипа Орлика(зворотня),"49.870745384038564, 24.031458105756666","225, 295",,,
вул. Гетьмана Мазепи(зворотня),"49.86969430991156, 24.025471415246606","225, 295",,,
вул. Сяйво(зворотня),"49.83772100578925, 23.9773415043606","330, 10",,,
вул. Широка(зворотня),"49.843095752683055, 23.978809139982083","230, 300",,,
вул. Низинна(зворотня),"49.842485935716084, 23.971778900110838","230, 300",,,
вул. Гніздовського(зворотня),"49.842485935716084, 23.971778900110838","240, 310",,,
П'ятий парк(зворотня),"49.8423613947833, 23.95991280724291","240, 310",,,
вул. Роксоляни(зворотня),"49.84421563760835, 23.958603889252263","0, 70",,,
вул. Гайовської(зворотня),"49.844824477954845, 23.94572928617542","200, 270",,,
"Народний дім ""Білогорща""(зворотня)","49.84460583711367, 23.93810754012018","260, 330",,,
вул. Лаврівського(зворотня),"49.84508867933953, 23.932748681421256","210, 280",,,
с. Білогорща(зворотня),"49.845974915514105, 23.9295592030414","260, 330",,,
Авторинок,"49.854865956014386, 24.07605831697295","120, 180",,,
вул. Гайдучка,"49.853373696729086, 24.077298117323444","150, 210",,,
Монгольська,"49.85066109201953, 24.07954501342646","65, 125",,,
вул. Старознесенська,"49.84923237790679, 24.083068005452205","110, 170",,,
вул. Духновича,"49.847082572745244, 24.081404928535598","215, 275",,,
Кривчиці,"49.84441718276107, 24.07394259740014","210, 270",,,
Шевченківський Гай,"49.84251457379977, 24.069571964135218","210, 270",,,
вул. Ніщинського,"49.83940091110311, 24.06671683324625","170, 230",,,
вул. Грінченка,"49.87301664816834, 24.05082310336753","180, 240",,,
Санта Барбара (46),"49.784658567372055, 24.05993822596353","330,30",,,
вул. Коломийська,"49.78754886159734, 24.059393204461124","330,30",,,
вул. Коломийська - вул. Трильовського,"49.78797200939323, 24.06687376284434","0,60",,,
вул. Кос-Анатольського,"49.791413379034275, 24.067449575026256","290,340",,,
вул. Антоненка-Давидовича,"49.792822396523846, 24.06558351911885","290,340",,,
вул. Івана Кавалерідзе,"49.794692940968, 24.06509673987316","40,100",,,
вул. Сихівська,"49.797022297924094, 24.07216647348556","315,20",,,
вул. Зубрівська,"49.80234992450954, 24.065401114826148","300,0",,,
вул. Бузкова,"49.81378820883099, 24.060418713652115","290,30",,,
вул. Дністерська,"49.81771426276931, 24.060018042571517","280,340",,,
вул. Липова алея,"49.82245801187624, 24.05446014788856","280,0",,,
вул. Керченська,"49.824005420402955, 24.051668347735497","270,330",,,
вул. Водогінна,"49.827120207025374, 24.044850912471393","30,100",,,
Львівводоканал,"49.82994907133743, 24.044459062184753","290,350",,,
вул. Вагилевича,"49.83251057635107, 24.041220014994344","270,330",,,
вул. Шота Руставелі,"49.83437445962824, 24.03582998425142","270,330",,,
вул. Володимира Шухевича,"49.83743872660461, 24.035049856177654","330,40",,,
вул. Гетьмана Мазепи,"49.86940721009415, 24.02503834072947","40,100",,,
вул. Пилипа Орлика,"49.87058368854428, 24.032569848595028","40,100",,,
Лікарня швидкої допомоги,"49.871770792596294, 24.039489985895266","40,100",,,
Лікарня швидкої допомоги (1),"49.87509754800894, 24.041423762719717","310,20",,,
Дитяча лiкарня,"49.87641186907487, 24.038887336087615","230,290",,,
вул. Щурата,"49.87886849974092, 24.036550242820365","100,160",,,
Лікарня швидкої допомоги (зворотній),"49.87627741833565, 24.040744063804322","130,190",,,
вул. Шота Руставелі (зворотній),"49.83378913348798, 24.037158550235812","80,145",,,
вул. Вагилевича (зворотній),"49.83284488161088, 24.040074805013337","85,170",,,
Львівводоканал (зворотній),"49.83082641136242, 24.043194454374806","100,175",,,
вул. Водогінна (зворотній),"49.82635356968839, 24.043501919608527","60,220",,,
вул. Керченська (зворотній),"49.823556884851634, 24.052259544652212","80,170",,,
вул. Липова алея (зворотній),"49.82077264354926, 24.055870084669927","120,185",,,
вул. Дністерська (зворотній),"49.817836370537265, 24.05937597847972","100,170",,,
вул. Зубрівська (зворотній),"49.80159219032711, 24.065888647126236","110,170",,,
вул. Івана Кавалерідзе (зворотній),"49.79383038697803, 24.064389123899602","100,185",,,
вул. Кос-Анатольського (зворотній),"49.79108587392422, 24.06759505044558","115,180",,,
вул. Коломийська - вул. Трильовського (зворотній),"49.7877605409392, 24.065967514292687","200,300",,,
вул. Коломийська (зворотній),"49.78818614377131, 24.061095711215426","240,300",,,
вул. Коломийська (зворотній) 1,"49.78888176473826, 24.058644087307798","150,210",,,
с. Підрясне,"49.87535440444523, 23.881200356101704","60,130",,,
с. Рясне-Руське,"49.87368676949301, 23.906848822908696","60,120",,,
Автобудівельників,"49.8733255041572, 23.917775409664955","60,120",,,
Театр ляльок,"49.84461520502523, 24.031453851889193","60,120",,,
вул. Підвальна,"49.84290554369953, 24.03486065851844","120,190",,,
вул. Дубова,"49.838583031990986, 24.080613940514507","20,90",,,
вул. Богданівська,"49.84023419006846, 24.08597299620468","40,130",,,
вул. Бігова,"49.84067633620395, 24.092297689266818","30,100",,,
Бігова,"49.84129288703118, 24.096269706460426","45,105",,,
вул. Глинянський Тракт,"49.84196656324651, 24.101020518119935","45,100",,,
"Товариство ""Провесінь-агроінвест""","49.84229601003877, 24.103918422214516","40,100",,,
на вимогу 1,"49.843642095698485, 24.120191248826096","40,110",,,
на вимогу 2,"49.843047053977486, 24.13326672834119","60,115",,,
с. Підбірці,"49.846266604097075, 24.136984925857142","320,110",,,
на вимогу 3,"49.844595961752894, 24.15221743200476","55,105",,,
с. Підбірці (кінцева),"49.84420605846192, 24.16051437968463","360,0",,,
на вимогу (зворотній) 0,"49.84481735253738, 24.152192073785756","240,300",,,
с. Підбірці (зворотній),"49.846011040513815, 24.136901104280618","150,300",,,
на вимогу 1 (зворотній),"49.843117407513596, 24.13324693618832","240,300",,,
на вимогу 2 (зворотній),"49.84377235342851, 24.120148652746934","220,280",,,
"Товариство ""Провесінь-агроінвест"" (зворотній)","49.842517527858725, 24.103886526545132","220,280",,,
вул. Глинянський Тракт (зворотній),"49.84209179767452, 24.10089769073095","220,280",,,
Бігова (зворотній),"49.84144819295008, 24.096457123592874","220,280",,,
вул. Бігова (зворотній),"49.84071420569276, 24.091918436593424","210,280",,,
вул. Богданівська (зворотній),"49.8403596832106, 24.084858285603136","200,280",,,
вул. Дубова (зворотній),"49.83833182024411, 24.07970587134185","200,280",,,
на вимогу 3 (зворотній),"49.83725183615213, 24.074887075550016","230,285",,,
Автостанція №6 (зворотній) 0,"49.836197785318625, 24.070192649508027","150,290",,,
Автобудівельників (зворотній),"49.87368362550626, 23.91642745055874","240,300",,,
с. Рясне-Руське (зворотній),"49.87392579964453, 23.907000592240383","230,300",,,
с. Підрясне (зворотній),"49.87568494458931, 23.880468314363327","240,320",,,